ax,ay,az,gx,gy,gz,label
-0.468,0.0454,0.8667,247.24,-120.54,71.26,A
0.5065,0.0429,1.6714,169.26,-427.91,134.12,A
0.2445,-0.1859,0.9067,-121.73,298.48,-76.09,A
-0.4616,0.0976,0.7027,47.88,-219.24,4.97,A
0.6808,0.141,2.3566,174.58,-178.78,-15.54,A
0.5187,0.448,1.423,61.6,17.08,-15.19,A
0.2118,0.2059,0.832,-92.26,293.37,-50.12,A
0.3528,0.0791,0.7515,62.65,-516.18,105.14,A
0.4387,0.1318,1.2908,42.0,-472.78,80.78,A
0.507,0.6461,1.2381,-75.53,217.0,-100.03,A
0.225,0.2874,1.1653,-5.39,-531.72,27.86,A
0.6608,0.1762,0.3538,18.76,-612.22,71.75,A
0.8247,0.347,0.978,70.21,-674.73,111.79,A
0.9067,0.1025,1.6943,99.75,-725.06,50.19,A
0.7759,0.3065,2.6118,99.82,-407.19,11.13,A
0.7305,0.1932,1.524,126.0,10.78,23.31,A
0.5119,0.3367,1.0858,171.43,57.19,36.26,A
0.6812,0.1669,0.6354,27.72,-734.65,25.2,A
0.8413,0.2596,1.5216,-63.98,-825.65,15.4,A
1.2468,-0.0098,2.4961,-22.05,-746.34,-30.66,A
1.422,-0.0956,3.1827,165.62,-289.45,14.14,A
1.0004,0.2996,2.5786,145.6,57.47,50.54,A
0.6603,0.4504,1.3845,56.98,164.08,-8.61,A
0.4987,0.2967,0.6812,35.49,128.52,-52.15,A
0.0859,0.0171,0.9443,-105.42,-115.01,-226.24,A
0.1401,-0.4768,1.1522,-73.43,-107.24,-185.5,A
0.4192,0.0312,0.1454,102.62,-710.85,129.71,A
0.8686,0.1103,0.6276,122.71,-772.17,164.92,A
0.9682,0.326,1.2366,101.99,-753.34,171.08,A
0.9018,0.5836,1.912,51.45,-779.87,168.07,A
0.5514,0.3109,0.995,151.06,54.18,1.96,A
0.0712,0.1513,0.5773,-120.26,427.07,-174.44,A
0.7066,0.0229,0.5998,113.68,-714.07,91.56,A
0.9199,0.4543,1.242,-61.11,-835.94,68.11,A
1.1248,0.3621,1.7617,-95.13,-842.17,16.94,A
1.2761,0.1571,2.2448,-45.36,-659.68,-10.99,A
0.8789,0.2499,1.2551,106.96,87.92,-56.28,A
0.9726,0.4734,1.8842,5.67,-553.7,180.88,A
-0.0059,0.0581,0.3987,-119.56,384.44,-204.33,A
-0.4685,-0.1342,0.8691,22.05,97.86,26.81,A
1.1273,0.6139,1.7309,109.83,-877.94,107.38,A
1.2293,0.8462,2.5835,-26.53,-681.24,85.82,A
1.1092,0.4665,2.887,-11.27,-374.43,25.97,A
0.9472,0.364,2.3404,57.61,-4.27,-26.04,A
0.7305,0.3128,1.4211,64.75,178.01,-86.45,A
0.5754,0.2347,0.8403,60.13,208.6,-101.22,A
-0.0459,0.2347,1.239,0.91,-104.58,-190.05,A
0.612,0.2572,0.3884,-10.78,-640.71,107.8,A
0.812,0.4329,1.0853,-71.19,-696.57,116.27,A
0.9628,0.6432,1.8534,-191.8,-775.39,82.32,A
1.1258,-0.5241,2.195,66.64,-444.43,17.64,A
0.6788,0.6115,1.9959,291.69,-10.57,70.14,A
0.5031,0.9018,1.5162,178.92,38.08,34.16,A
-0.1074,0.1288,0.4973,-69.51,301.7,-145.53,A
-0.7183,-0.0922,0.0712,-33.46,-9.1,97.51,A
0.6759,0.182,1.2376,-31.71,-628.88,12.67,A
0.8291,0.7178,2.5098,196.35,-260.96,39.13,A
0.6471,0.4392,1.7412,94.08,113.4,-36.33,A
0.1371,0.0473,1.4581,8.89,-150.22,-156.87,A
0.5431,0.4085,1.059,28.14,-490.84,123.27,A
0.9121,0.1884,1.831,122.15,-378.98,209.23,A
0.4158,1.0565,1.7612,204.05,-150.78,135.17,A
0.7867,0.7676,1.6524,138.32,-462.91,56.07,A
0.649,0.5436,0.9911,-32.9,236.32,-67.97,A
0.7218,0.06,0.5553,83.16,-610.33,243.39,A
0.7032,0.5871,0.8594,91.56,-627.2,169.61,A
0.6847,0.284,1.5743,20.02,-579.46,139.37,A
0.7974,0.1069,2.0789,173.88,-408.52,157.01,A
0.5841,0.6061,2.2346,321.44,-221.13,145.53,A
0.3348,1.2556,2.0164,146.09,-51.8,114.17,A
0.2357,1.0233,1.3815,65.8,6.72,60.06,A
0.3748,1.0302,1.7792,36.47,64.19,-48.79,A
0.4836,0.9443,1.2488,-192.57,344.75,-170.87,A
0.4402,0.5192,0.732,-176.33,318.5,-166.11,A
0.0781,0.3797,0.448,-142.59,421.96,-244.3,A
-0.1527,0.0625,-0.081,-156.59,319.55,-209.93,A
-0.6012,0.244,-0.5973,1.12,-221.76,124.32,A
0.1571,0.022,-0.3689,110.95,-579.32,50.19,A
0.4973,0.0639,0.3587,181.51,-667.66,85.75,A
0.6544,0.4826,0.9472,133.56,-643.3,81.2,A
0.4211,0.3001,0.7178,-113.68,342.93,-105.21,A
0.0669,0.0327,0.7115,-38.29,-150.5,-243.46,A
0.2152,-0.5324,1.3322,-4.97,-152.32,-198.1,A
0.4475,0.9487,1.3064,40.11,-365.54,151.83,A
0.2567,0.9204,1.4855,20.93,37.45,-83.09,A
0.2782,0.6856,0.9189,-82.25,273.42,-152.95,A
0.2001,0.5407,0.5671,65.45,-533.75,87.22,A
0.6603,0.1371,0.9155,80.85,-562.73,127.12,A
0.7281,0.6383,1.6807,96.53,-524.16,94.36,A
0.0078,0.1547,0.223,-141.12,323.05,-149.1,A
-0.0566,0.2664,0.7662,-50.47,-121.1,-175.28,A
0.0712,-0.183,0.956,-39.9,-126.77,-146.44,A
0.0381,0.1225,1.8095,92.19,-8.61,-4.62,A
-0.1025,0.1874,0.9082,-58.24,80.85,-22.05,A
0.447,0.1,0.4182,70.07,-497.84,160.72,A
0.6793,0.5183,1.645,135.87,-469.07,174.44,A
0.529,1.0594,1.8368,101.01,107.38,-52.64,A
0.2577,0.4768,0.7676,-103.39,415.45,-209.02,A
0.1191,0.1279,0.3802,-121.45,387.31,-229.18,A
0.3279,0.569,0.855,41.72,-540.47,92.96,A
0.3416,0.0054,0.9179,157.71,-552.23,119.7,A
0.6334,0.3841,1.4269,136.29,-493.01,160.3,A
-0.1074,-0.4543,-0.7061,-14.77,-402.36,124.39,A
0.3738,-0.4133,-0.5553,49.63,-582.68,173.6,A
1.1375,0.4602,0.895,144.48,-663.95,270.69,A
0.8794,0.9257,1.8173,17.64,-625.31,244.79,A
0.8208,0.7886,2.3107,-43.89,-605.78,223.72,A
0.1347,0.2289,0.7198,-214.27,404.6,-192.92,A
-0.0512,-0.1118,0.2372,-176.68,342.93,-177.8,A
-0.4948,0.1928,0.5988,48.44,182.28,-21.84,A
0.0278,-0.1615,-0.2352,159.25,-409.01,59.99,A
0.937,0.5827,0.5012,103.32,-740.81,128.31,A
1.2625,0.528,1.4952,136.99,-832.65,188.72,A
0.773,0.6593,2.235,226.73,-689.29,128.66,A
1.0282,1.1478,3.031,149.38,-436.52,29.26,A
0.7969,0.5851,1.8251,94.36,137.83,-83.79,A
0.6232,0.3845,0.9819,62.09,147.42,-76.51,A
0.51,0.3802,1.524,82.81,169.82,37.38,A
-0.0049,0.2025,0.873,-64.12,-100.24,-238.0,A
0.0976,-0.4504,1.0643,-44.45,-70.98,-211.61,A
-0.0634,-0.0781,1.0253,25.06,35.28,39.55,A
-0.4246,0.469,0.5876,-97.23,198.73,-75.6,A
-0.2181,-0.3182,-0.5266,9.24,-331.8,124.18,A
0.6466,0.1771,0.2147,76.09,-605.71,229.25,A
0.6739,0.4924,1.0248,22.19,-596.19,207.13,A
0.8608,0.3509,1.5474,-6.93,-600.11,217.84,A
0.8208,0.6525,2.198,204.68,-386.96,221.69,A
0.6256,1.3361,2.4673,129.5,-200.48,172.76,A
0.3953,1.3449,2.0086,79.24,-27.93,97.44,A
0.3411,1.1741,1.4703,71.68,60.41,3.99,A
0.2601,0.67,0.9516,-188.23,315.21,-154.84,A
-0.2391,0.6778,0.7579,-23.94,265.02,-74.48,A
-0.2938,-0.1035,-0.407,-29.47,-308.56,20.58,A
0.326,0.1401,0.0566,91.07,-555.87,104.3,A
0.426,0.4046,0.7569,106.89,-586.95,97.23,A
0.3982,0.0737,1.3015,99.05,-592.55,79.87,A
0.63,0.4826,2.1448,183.33,-512.96,150.85,A
0.4041,0.4446,1.3869,49.21,56.21,-3.22,A
-0.0878,0.6261,1.0282,-16.66,-87.22,-193.34,A
0.8306,0.1298,0.7452,33.04,-396.41,231.0,A
0.5524,0.9043,1.4152,210.91,-421.33,226.52,A
0.5446,1.0404,2.0247,114.52,-318.78,154.98,A
0.1181,0.203,-0.0078,103.18,-546.91,126.07,A
0.2264,0.4197,0.6803,93.66,-572.18,95.13,A
0.6598,0.4431,1.4825,64.89,-583.87,172.34,A
0.6027,0.7237,2.2287,69.16,-348.81,80.43,A
-0.2669,1.0917,1.1844,30.03,-215.81,-69.65,A
-0.0063,0.4011,1.0287,-76.09,-52.22,-201.46,A
-0.1108,0.6749,0.7115,-50.54,-8.68,-228.48,A
-0.1181,0.1035,0.5007,-67.9,17.22,-220.08,A
0.1503,-0.6852,0.7091,11.62,-253.61,158.13,A
0.0981,-0.0464,1.2156,55.23,-236.6,275.31,A
-0.039,0.7901,1.7397,32.83,-202.51,305.41,A
-0.1679,1.7202,2.0877,-2.45,-103.32,245.49,A
0.019,1.1322,1.6509,35.49,134.05,-131.32,A
0.0737,0.5261,1.1985,40.25,133.35,-123.9,A
0.0088,-0.0059,0.9204,69.65,69.44,-65.45,A
-0.6056,0.8062,0.5051,-19.04,104.09,33.53,A
0.5222,-0.0854,0.0595,18.55,-511.84,168.63,A
1.3864,0.4109,1.8851,157.5,-397.04,241.01,A
0.7784,1.3644,2.5923,116.76,-169.75,136.57,A
0.6368,1.5748,3.0602,154.63,18.34,83.3,A
0.6305,2.2482,3.2491,192.01,175.14,-11.55,A
0.6295,1.9481,2.3073,-15.26,302.33,-115.71,A
0.5817,1.3864,1.3171,-47.46,296.87,-142.8,A
0.3953,1.1492,1.7021,20.58,207.13,-138.32,A
0.7954,0.9716,1.2029,-190.47,416.57,-261.31,A
0.4656,0.7549,0.8467,-218.47,384.3,-216.02,A
-0.3577,-0.2362,-0.9423,41.72,-45.43,-13.09,A
0.3055,-0.0761,-0.2054,-17.71,-495.74,99.05,A
0.8965,0.5061,0.893,106.26,-662.13,91.0,A
0.8184,1.7251,1.9662,104.72,-626.15,-77.49,A
1.2302,-0.3465,1.8622,313.11,-452.69,-51.59,A
0.9911,0.8013,2.503,265.86,-86.38,-40.95,A
0.9575,0.4387,1.8637,-10.99,181.86,9.03,A
-0.6754,1.7158,0.0981,-26.88,-19.88,-17.71,A
-0.3167,2.0042,0.5163,-51.94,-162.54,-204.89,A
0.0434,1.4664,0.8369,11.48,-152.74,-318.22,A
0.3714,0.6403,1.0053,43.26,-151.27,-416.22,A
0.6393,-0.5441,1.5387,89.11,-151.41,-392.21,A
0.6149,-1.3659,2.0872,153.37,-139.51,-312.06,A
0.5246,-1.0072,1.9832,180.18,31.71,-1.61,A
0.1649,-0.1191,1.1995,73.36,67.06,76.72,A
-0.1108,0.1283,0.5007,-70.84,68.32,66.99,A
-0.161,0.7364,0.9999,40.53,-16.94,97.79,A
-0.407,-0.2064,0.264,-42.28,240.59,-76.02,A
-0.4441,-0.4421,-0.3728,-113.54,-184.8,97.93,A
-0.3065,-0.5427,-1.4679,-150.22,-335.44,83.02,A
0.3123,-0.6168,-1.6455,-49.35,-555.52,34.16,A
1.3034,-0.5251,-0.5456,110.39,-845.53,165.34,A
1.8139,-0.0488,0.205,289.24,-813.75,300.37,A
1.4791,0.8745,1.1917,109.41,-756.0,263.27,A
1.4274,0.5695,1.6319,74.06,-736.82,223.37,A
1.5006,0.6012,2.6869,159.53,-677.32,278.95,A
1.1161,0.8403,2.1662,86.38,-196.84,143.36,A
1.1292,0.2786,1.283,-101.85,596.82,-327.46,A
0.9252,0.0595,0.5656,-159.81,620.2,-271.39,A
0.4582,-0.1571,-0.0112,-136.92,499.66,-193.41,A
0.0498,-0.3626,-0.2455,-20.79,371.98,-131.04,A
-0.6559,0.0654,-0.5924,-33.6,70.42,-53.13,A
-0.3919,-0.0337,-1.4796,-16.31,-273.21,-13.16,A
0.3572,-0.2538,-1.5523,32.13,-422.8,19.81,A
0.7881,-0.4529,-1.0111,69.09,-599.13,23.38,A
1.0487,0.102,0.1737,239.54,-825.16,43.75,A
1.4254,0.6593,1.1244,214.55,-821.94,107.87,A
0.8394,0.7959,2.0838,116.97,-818.09,174.02,A
0.6715,0.8974,2.927,157.22,-748.09,107.94,A
0.854,0.486,2.6411,202.23,-502.81,30.66,A
0.7603,0.2152,2.1657,202.86,-182.0,13.23,A
0.8891,-0.5358,1.079,266.56,75.04,-11.34,A
0.9204,0.0654,1.4489,202.44,105.35,94.92,A
0.3699,0.671,1.4211,331.87,159.46,-77.49,A
0.6549,1.0258,2.1755,49.7,231.21,-49.7,A
0.8735,0.507,1.1068,-94.22,437.29,-5.95,A
0.6778,0.3514,0.2835,-151.83,414.54,27.93,A
-0.08,0.834,0.0839,-176.19,158.13,123.27,A
-0.4738,1.2586,-0.1035,-155.19,48.02,125.09,A
-0.6295,2.0594,0.2582,-85.4,-128.03,-8.33,A
-0.5231,2.2863,0.9794,11.55,-180.25,-159.6,A
-0.08,1.8583,1.5362,52.36,-134.61,-310.31,A
0.2694,1.3318,1.4874,3.36,-49.63,-363.44,A
0.4319,0.4226,1.0268,-63.98,-28.21,-376.25,A
0.4821,-0.4821,0.9731,-54.6,-25.55,-335.37,A
0.1932,-0.7793,1.037,138.25,-28.42,13.86,A
-0.2113,0.1454,0.8442,-58.94,21.21,66.08,A
-0.081,1.0326,1.9676,28.35,136.78,-59.85,A
0.1444,0.224,0.6178,-132.93,426.79,-222.32,A
-0.0229,-0.1454,0.1791,-133.21,369.39,-193.76,A
-0.0415,-0.4743,-0.7183,43.75,-369.67,166.18,A
0.795,0.02,-0.2977,226.24,-656.74,256.97,A
1.222,0.3172,0.5085,252.0,-688.38,360.43,A
0.6354,0.8203,1.1844,133.42,-630.35,191.66,A
1.0443,0.6934,1.8276,126.91,-642.88,241.29,A
1.1629,0.8921,2.4825,264.46,-455.91,214.83,A
0.7237,1.5138,2.6245,302.12,-184.73,163.45,A
0.711,1.5172,1.8276,-92.47,435.89,-313.04,A
0.8506,0.3748,0.8389,-178.57,522.62,-272.86,A
0.3626,0.427,0.692,-157.29,464.24,-221.48,A
0.1996,0.2479,0.2186,-128.17,397.04,-197.75,A
-0.0439,-0.0366,-0.2938,-48.79,310.38,-155.54,A
-0.6051,-0.2889,-0.7008,-63.56,68.25,-87.15,A
-0.5656,-0.2499,-1.2825,-0.98,-135.87,-13.51,A
0.7837,-0.1362,-0.4002,207.83,-712.39,-12.67,A
1.219,0.0371,0.9984,196.21,-865.69,117.32,A
1.0487,0.5583,1.6743,116.62,-726.46,191.52,A
0.468,0.8642,2.5347,37.59,-791.84,208.11,A
0.2167,0.5075,2.3683,184.8,209.37,-92.96,A
0.3899,0.7222,1.7178,242.06,245.7,-39.41,A
0.1815,0.4792,0.9028,271.25,323.68,-151.41,A
0.4363,0.0381,1.1009,-122.92,240.52,-31.29,A
0.0693,0.3704,0.8603,-36.61,264.18,67.9,A
-0.3353,1.9827,1.2537,26.53,-171.43,-133.07,A
0.2879,0.751,0.9892,51.03,-148.4,-408.24,A
0.5666,-0.4163,1.2546,99.61,-138.95,-391.79,A
0.5827,-1.0721,1.6582,147.0,-89.67,-298.55,A
0.3099,-0.6661,1.3352,116.34,67.34,99.26,A
0.0639,-0.0971,0.7105,40.6,42.07,120.4,A
-0.1191,0.425,0.5856,-84.0,32.2,119.98,A
-0.1308,0.5246,1.2942,-34.02,-45.01,136.57,A
0.7652,-0.6461,-0.651,-17.92,-612.36,155.19,A
1.2366,-0.5144,0.2557,38.29,-716.24,354.69,A
1.3117,0.2396,0.832,149.17,-666.19,315.14,A
1.1009,0.7793,1.4782,104.3,-616.21,288.89,A
0.9467,0.7852,2.1648,155.12,-508.62,248.64,A
0.4826,1.6289,2.6601,192.22,-54.46,165.34,A
0.163,2.0418,2.6132,78.82,71.47,49.14,A
0.3426,1.1644,1.3957,46.27,261.17,-159.81,A
0.1064,1.565,1.9764,97.09,226.59,-183.75,A
0.5968,0.9667,1.6094,-101.99,420.84,-345.24,A
0.4143,0.2884,0.6827,-164.64,453.88,-291.55,A
0.022,-0.5856,-0.2001,12.81,230.3,-86.03,A
-0.5251,-0.1249,-0.8028,-23.31,134.26,-48.09,A
-0.6603,0.1728,-1.4933,-96.32,-14.77,-31.71,A
0.0503,-0.4089,-1.4986,-97.16,-391.79,24.78,A
0.7325,-0.0127,-0.9721,-26.6,-521.01,30.1,A
0.9077,-0.1152,-0.1645,138.88,-768.81,-76.3,A
1.3991,0.3353,1.0053,150.15,-1023.26,-10.99,A
1.2639,0.5222,1.9276,61.04,-866.32,53.27,A
0.8745,0.6217,2.6562,8.82,-794.43,98.49,A
1.0995,-0.0249,2.3922,148.33,-476.28,16.66,A
0.5744,0.2679,1.9827,179.34,69.3,-77.84,A
0.3167,0.1523,0.8769,422.1,279.79,-124.25,A
0.4402,0.8691,1.2151,171.08,176.89,-150.92,A
0.7608,0.0205,1.321,-131.46,302.68,-20.79,A
0.5958,0.5724,1.1814,32.41,356.58,113.47,A
-0.1322,2.2058,0.6812,-0.91,-196.35,-228.69,A
0.3099,1.6002,1.1566,24.92,-177.03,-404.32,A
0.7047,0.2367,1.5636,63.0,-158.2,-473.2,A
0.6861,-1.118,2.0267,144.97,-167.58,-442.4,A
0.7174,-2.0008,2.7006,234.01,-105.35,-351.96,A
0.2113,-0.6456,1.4035,150.36,103.81,41.86,A
-0.1127,0.1693,0.4797,10.43,80.92,55.58,A
-0.2303,0.0849,-0.1908,-58.1,48.93,53.41,A
-0.3245,0.2987,0.3074,-26.46,-54.11,24.36,A
-0.5895,0.0205,0.3743,-1.4,29.89,-13.51,A
0.752,-0.2255,-0.0659,1.68,-538.44,283.5,A
1.1122,0.0722,0.4631,-24.43,-551.81,367.36,A
0.8442,0.5895,0.6808,-74.06,-516.81,244.86,A
1.5411,0.4485,1.3283,40.46,-450.24,214.41,A
1.1024,1.5782,2.3941,252.56,-299.53,262.64,A
0.612,2.198,3.1818,94.71,-241.36,203.49,A
0.4695,2.3927,3.1569,112.14,174.58,-36.47,A
0.5734,2.0452,2.3648,21.84,226.52,-159.25,A
0.673,-0.0625,0.1093,-145.53,393.75,-332.15,A
0.2625,-0.4216,-0.3099,-97.16,282.03,-266.28,A
0.0888,-0.8847,-0.5524,14.7,225.54,-186.9,A
-0.5178,-0.4846,-1.3576,-209.44,0.07,78.82,A
-0.4592,0.0449,-1.1478,-189.14,-172.27,78.61,A
0.3421,0.327,-1.3727,-97.93,-359.45,4.62,A
1.4811,0.3733,-0.4192,125.16,-952.98,6.86,A
1.6109,0.7901,1.0155,20.65,-905.03,11.55,A
1.2527,0.8208,2.3634,-36.4,-978.39,-0.91,A
1.6631,-0.3777,2.0252,199.57,-729.68,-145.32,A
1.3908,-0.3953,2.8655,343.35,-552.02,-74.97,A
1.0853,0.4763,2.9485,367.85,-38.71,36.61,A
0.975,-0.2542,1.7192,304.08,109.97,-21.98,A
0.8042,0.3011,1.322,269.36,147.0,22.89,A
0.3894,1.7534,1.5069,295.47,150.29,-213.57,A
1.035,0.5207,1.5723,84.28,198.24,-38.43,A
0.6217,0.7203,0.4002,-124.46,478.94,105.91,A
0.4124,0.3733,-0.0068,-178.43,407.82,123.69,A
0.0293,0.6539,0.1244,-115.29,255.71,224.14,A
-0.1903,1.2947,0.2826,-62.79,233.52,188.79,A
-0.5534,1.8446,0.2464,-113.75,171.57,92.68,A
0.6027,1.7007,0.4099,6.09,-200.9,-480.97,A
0.8999,0.5075,0.9209,27.86,-191.52,-507.85,A
0.8467,-0.7374,1.7178,97.09,-175.56,-483.63,A
0.5749,-1.7241,2.0838,131.18,-171.78,-435.89,A
0.5822,-2.3702,2.4117,172.9,-101.22,-305.48,A
0.5797,-1.5465,2.1736,167.16,29.54,-52.15,A
0.1908,-0.2523,0.916,107.87,70.14,127.61,A
-0.2172,0.143,0.2533,-22.33,10.36,146.09,A
-0.5319,0.2835,0.7413,19.46,248.43,-136.57,A
-0.6188,-0.3958,-0.5568,19.46,138.18,-64.12,A
-0.6715,-0.5661,-1.3815,0.84,-73.43,-98.77,A
-0.2908,-0.5158,-0.9809,-102.62,-237.16,-58.94,A
0.4699,-1.1117,-1.0907,-178.08,-529.9,24.99,A
1.1297,-1.0233,-0.8901,-128.59,-703.5,58.94,A
2.1165,-1.1268,-0.793,-103.25,-880.46,187.67,A
2.4751,-0.5705,-0.1889,-77.63,-1021.02,312.9,A
2.8636,-0.0063,0.6969,-58.8,-1009.4,285.53,A
2.174,0.8477,2.053,-203.14,-1112.51,248.01,A
2.5781,-0.1503,2.2131,-51.45,-716.03,69.79,A
2.6293,-0.5314,2.9773,197.82,-606.9,56.63,A
2.5679,0.0493,4.0792,403.27,-301.56,114.31,A
1.971,1.0995,4.0738,447.79,92.05,192.15,A
1.2185,1.8666,2.9802,417.41,283.36,127.47,A
0.6891,2.0745,2.0706,340.55,337.26,-26.18,A
1.0482,1.8983,2.6401,105.63,449.19,-307.51,A
1.5967,1.2117,2.1911,-37.8,633.71,-388.57,A
1.3352,0.1137,0.5256,4.76,658.98,-359.38,A
1.057,-0.4724,-0.1625,-23.1,558.32,-252.21,A
0.6876,-0.5666,-0.5075,-91.56,524.79,-167.23,A
0.0059,-0.8721,-1.4991,68.32,400.4,-175.84,A
-0.2391,-0.9331,-2.6986,152.11,256.13,-113.82,A
-0.4109,-0.2225,-3.3155,13.72,-57.4,5.67,A
0.0288,-0.0966,-2.4722,27.72,-397.67,155.68,A
0.9804,0.303,-2.0603,-36.54,-511.14,228.62,A
1.3274,1.8676,-0.772,-137.83,-659.47,110.88,A
1.5962,1.2634,0.3567,-178.57,-903.84,-142.1,A
2.0242,0.5895,1.4381,-98.98,-992.39,-249.06,A
1.7636,0.3113,2.7709,-12.18,-975.03,-311.57,A
1.588,-0.4133,3.0461,217.63,-619.01,-338.59,A
1.5352,-0.8906,3.4765,314.72,-324.03,-205.66,A
1.4386,-0.6168,2.9963,325.36,69.79,-45.99,A
0.9804,0.266,2.1858,218.54,258.37,2.59,A
0.9043,0.3396,1.5396,169.54,224.7,112.84,A
0.1893,-0.4485,0.8457,155.89,304.5,60.13,A
-0.4934,0.7408,0.5061,208.95,99.61,-176.12,A
0.5309,0.1279,0.6749,49.35,222.95,-16.59,A
1.0038,-0.4065,1.6299,28.21,127.05,95.9,A
1.0609,0.0795,1.9378,66.99,252.91,220.92,A
0.8252,0.8169,1.686,-17.22,343.21,242.2,A
0.6373,1.0878,1.2141,-102.55,373.45,223.09,A
0.0083,3.4994,0.631,-30.38,-100.31,-208.32,A
0.2474,2.9739,0.5119,31.78,-102.76,-636.3,A
1.2132,0.6866,0.6534,13.44,-161.35,-666.26,A
1.2825,-0.3728,1.3264,16.03,-204.61,-625.1,A
0.9848,-1.5465,2.1174,88.62,-248.78,-549.78,A
0.7896,-2.826,2.5996,225.26,-193.27,-447.93,A
0.5129,-1.0433,1.9125,168.35,44.73,108.36,A
-0.0429,0.4831,0.9443,35.0,53.13,138.11,A
-0.2157,0.8808,0.5148,-82.95,35.35,59.85,A
0.5275,-0.7574,-0.5451,-63.28,-569.87,108.5,A
1.0341,-0.6749,-0.0883,-42.49,-639.73,206.29,A
1.0463,-0.1801,0.2294,-65.31,-597.38,279.02,A
1.3498,0.2606,1.179,34.58,-707.77,326.83,A
1.4367,0.222,2.4205,186.06,-394.8,163.24,A
1.1312,0.7159,2.6396,242.41,11.9,208.18,A
0.7398,1.4864,1.9793,247.38,44.94,168.28,A
0.385,1.7065,1.5518,181.58,23.1,77.63,A
0.4953,1.4352,1.7495,22.05,362.81,-278.18,A
0.9823,0.2362,1.5299,-1.12,440.51,-367.57,A
0.9496,-0.141,0.9091,-14.14,486.57,-326.27,A
0.5407,-0.2201,0.5607,-18.55,409.78,-244.86,A
0.205,-0.3494,-0.0708,19.95,377.23,-51.94,A
-0.1737,-0.6354,-0.9472,-63.35,329.49,-61.18,A
-0.6066,-0.144,-1.6241,-136.15,210.14,-82.25,A
-0.7169,0.1606,-2.521,-195.09,-26.67,-53.76,A
-0.4939,-0.1674,-1.954,-190.89,-256.06,-48.44,A
0.0991,-0.1249,-1.5611,-0.21,-426.16,-57.68,A
1.3298,0.324,-0.4138,27.93,-740.53,-14.84,A
1.2239,0.2147,0.835,-31.85,-745.99,17.85,A
1.1283,0.6237,1.6816,46.62,-807.03,17.71,A
0.9048,0.8501,2.1687,217.35,-258.02,-60.27,A
1.2263,-0.0698,1.5958,226.94,-135.59,27.72,A
0.8574,-0.3645,1.0502,272.65,-8.96,-14.77,A
-0.0151,0.6071,1.2439,242.55,2.45,-194.81,A
0.8638,0.7964,1.8485,47.95,88.48,-82.18,A
1.0536,0.2557,1.7026,32.34,207.06,32.69,A
-0.2338,1.0604,0.8286,61.67,34.72,45.01,A
-0.0517,2.8348,-0.2259,15.4,-106.89,-122.92,A
1.3308,1.3049,0.4124,-71.96,-257.46,-639.8,A
1.4684,-0.4543,1.3049,-29.54,-219.87,-624.96,A
1.2903,-1.4147,1.832,64.61,-153.58,-517.37,A
0.9248,-2.0701,2.4581,152.6,-158.76,-444.71,A
0.9648,-2.4585,2.8914,187.95,-84.42,-317.59,A
1.0199,-1.444,2.2414,142.03,66.22,26.74,A
0.1791,0.2669,1.1165,14.28,110.6,137.76,A
-0.1913,0.9721,0.4407,-117.18,72.52,81.06,A
-0.2289,0.388,0.3035,-17.15,11.34,30.38,A
-0.3699,-0.6446,-0.8794,-115.15,-156.52,41.58,A
0.2987,-1.1248,-1.1229,-87.71,-442.61,27.51,A
1.1341,-0.8613,-0.4563,-25.55,-585.69,139.44,A
1.7422,-0.8613,-0.0664,39.62,-593.18,299.67,A
2.0125,0.2972,0.5183,103.18,-617.05,395.99,A
1.7031,1.0263,2.4742,157.36,-563.15,286.79,A
1.4484,1.2825,3.5292,123.62,-232.75,234.64,A
1.078,1.3015,4.2724,251.79,86.03,181.09,A
0.6568,2.0789,3.1998,248.57,285.32,107.17,A
0.2933,2.317,1.7812,111.09,223.16,3.99,A
0.5422,1.1512,1.4455,-9.03,109.9,-164.57,A
0.6388,0.8276,1.0594,-91.98,314.65,-309.68,A
0.2416,-0.4324,0.1196,-56.7,259.42,-156.03,A
0.042,-0.6456,-0.3089,-17.99,193.27,-76.02,A
-0.2923,-0.6066,-0.7442,-10.08,109.06,-25.9,A
-0.4748,-0.3733,-1.2937,-25.41,2.45,-46.97,A
0.3162,-0.3719,-1.1004,-106.4,-378.84,59.78,A
0.8203,-0.0956,-0.7271,-104.79,-517.09,113.33,A
0.9999,0.1864,0.0483,-124.11,-571.62,139.58,A
0.9282,0.8037,0.5797,-40.18,-609.28,68.04,A
0.7857,0.8486,1.3493,61.6,-627.69,-82.53,A
0.8945,0.7505,1.9769,160.93,-560.7,-112.42,A
1.1897,0.1557,1.9613,272.65,-100.94,109.06,A
0.6193,0.5641,2.0994,272.02,-24.99,-32.83,A
0.6842,1.017,2.3263,23.38,115.57,-69.16,A
-0.2621,0.9828,1.727,52.15,172.13,-296.31,A
1.4294,0.203,1.8427,-258.72,263.9,27.51,A
0.9526,0.284,1.3532,-218.12,338.31,113.54,A
0.4602,0.3553,0.8355,-44.8,254.1,39.83,A
0.669,0.0176,1.2268,108.99,186.34,91.14,A
0.4524,0.6505,0.5363,-114.31,263.06,112.84,A
-0.0473,1.0648,0.4821,-31.01,188.86,113.54,A
-0.6193,1.8607,0.2918,22.12,-12.95,-24.92,A
-0.5168,2.2643,-0.0405,12.46,-70.98,-40.46,A
-0.182,3.1232,0.1142,67.76,-91.07,-53.76,A
0.1059,4.0587,0.1869,124.81,-154.35,-420.63,A
1.7134,2.0535,1.0316,29.26,-158.13,-730.66,A
1.9535,0.1669,1.6104,2.17,-108.99,-758.1,A
1.6509,-1.0219,1.9705,51.52,-97.23,-691.74,A
1.0814,-2.6059,2.2507,84.07,-78.54,-608.3,A
0.8589,-3.7298,2.0755,11.83,-19.67,-497.14,A
1.1448,-2.4746,1.1878,3.92,4.48,-124.32,A
0.4358,-0.0234,0.5251,40.67,-7.77,189.35,A
-0.2606,1.1253,0.57,-7.14,-46.13,115.36,A
-0.222,0.3279,1.0624,82.53,-22.4,7.42,A
0.8974,-0.0249,0.3157,-3.92,-444.78,214.76,A
1.1307,0.1342,0.9199,-9.52,-461.23,259.98,A
1.1824,0.3304,2.0813,224.91,-312.2,267.96,A
0.7559,1.3493,1.912,96.32,-31.43,195.79,A
0.5602,1.5777,2.4961,25.34,34.02,-49.98,A
0.7666,1.1273,1.8822,61.18,228.55,-155.26,A
1.0155,0.2059,1.2068,-100.1,444.15,-337.54,A
0.8628,-0.368,0.4573,-119.98,429.52,-317.38,A
0.5266,-0.5944,-0.0776,-75.25,360.92,-237.02,A
0.1986,-0.8189,-0.469,11.9,262.01,-154.84,A
-0.2567,-0.5958,-1.0965,20.93,75.39,-16.73,A
-0.4099,-0.326,-1.6953,-113.75,-68.18,14.21,A
0.4685,-0.4133,-0.8877,-130.69,-412.86,61.11,A
0.9043,0.0122,-0.2479,-187.04,-501.62,85.47,A
0.5568,0.7886,-0.0034,59.71,-553.42,-46.27,A
0.8682,0.9794,0.974,56.0,-756.77,-120.26,A
1.0292,0.427,1.2981,65.94,-641.55,-113.82,A
1.0848,-0.1376,1.8237,152.11,-621.46,-96.95,A
1.1619,-0.3401,2.4171,287.91,-512.68,-82.74,A
1.2263,0.6529,1.7324,379.47,-15.75,72.66,A
0.4875,0.9677,0.8764,224.77,20.79,-100.66,A
0.8623,0.8291,1.6416,21.14,52.99,-121.94,A
1.0716,0.3743,1.6973,-118.86,123.97,-46.76,A
0.9106,-0.0166,1.3942,-14.84,239.75,25.34,A
-0.5324,1.7954,0.3514,-116.27,44.17,11.76,A
0.1357,1.7514,0.303,39.27,-68.25,-271.25,A
0.6334,1.4069,0.9658,128.73,-175.63,-449.12,A
0.8877,0.3616,1.4577,83.16,-172.27,-514.64,A
0.9453,-0.7857,1.6265,64.26,-146.93,-488.67,A
0.7993,-1.6275,1.6646,93.94,-118.51,-433.72,A
0.8325,-2.1179,1.7578,127.96,-83.93,-334.53,A
0.731,-0.8496,1.1014,146.51,64.19,95.34,A
0.3226,0.0054,0.6388,53.55,22.19,137.41,A
0.0952,0.5456,0.5261,-45.85,-16.17,122.36,A
0.713,-0.0673,0.4621,14.63,-289.8,241.22,A
1.0843,0.3709,1.1126,100.52,-263.41,271.88,A
1.0058,0.8823,1.788,108.15,-248.64,252.77,A
0.6939,1.3371,2.6401,149.66,-192.08,237.93,A
0.3504,1.9505,2.8973,150.64,-76.72,185.22,A
0.4636,1.8012,1.7295,79.03,180.25,-190.05,A
1.0448,1.3825,1.3259,-109.76,380.17,-413.42,A
1.0058,0.6525,0.8394,-139.51,355.32,-401.24,A
0.895,0.1435,0.5988,-104.09,319.13,-353.15,A
0.2777,-0.8106,-0.3045,-45.85,185.08,-132.16,A
-0.122,-0.2255,-0.6178,-126.91,-178.64,63.14,A
-0.081,0.1606,-1.241,230.58,-435.96,-60.34,A
0.6837,0.6144,-0.365,136.85,-728.0,42.63,A
0.7945,0.4895,0.1669,23.45,-603.89,123.83,A
1.6192,-0.2499,2.2541,358.96,-283.5,-15.47,A
1.1326,0.2904,2.6508,349.72,-43.89,51.31,A
0.7232,1.4411,2.4078,308.35,9.31,-140.49,A
0.9941,0.3309,1.7802,-20.3,200.55,-25.06,A
0.8472,0.0659,1.504,62.09,190.89,29.82,A
0.8965,0.793,0.8135,45.64,-116.34,-526.26,A
0.9687,-0.3826,1.1219,96.53,-118.93,-486.78,A
0.8818,-1.2424,1.5484,160.09,-133.0,-427.7,A
0.7686,-1.9461,1.8061,178.57,-107.59,-352.52,A
0.7769,-1.1727,1.4416,150.85,11.06,62.79,A
0.3314,-0.0576,0.7696,55.02,-6.79,182.77,A
0.1015,0.6788,0.6222,-51.94,-48.02,157.64,A
0.0537,-0.286,-1.0404,-153.3,-411.74,45.85,A
0.548,-0.8028,-1.0097,-128.17,-584.29,34.3,A
1.4889,-0.9736,-0.3855,-51.52,-723.17,189.0,A
1.8651,-0.5095,0.0503,186.34,-692.93,317.24,A
2.0652,0.1352,1.0365,125.44,-615.09,345.73,A
1.8095,1.0892,1.9413,-6.02,-623.84,294.98,A
1.8061,0.3231,2.7626,222.39,-363.65,199.08,A
1.3635,0.9023,3.1764,299.74,-61.25,211.82,A
0.9326,1.4391,2.764,207.83,88.34,174.72,A
0.5851,1.7109,2.0437,158.2,112.21,70.28,A
0.6305,1.3415,1.6133,-1.47,212.73,-120.05,A
0.9755,1.5972,1.3103,-57.26,394.24,-331.38,A
1.1424,0.7276,0.9989,-95.83,405.79,-390.6,A
1.1673,0.0878,0.9487,-67.83,387.38,-367.15,A
-0.2006,-0.5827,-0.4207,-35.7,134.19,-67.41,A
0.0059,-0.4246,-1.524,-20.93,-312.34,29.75,A
0.304,0.0425,-1.1575,80.78,-616.63,15.89,A
0.9697,0.4046,0.0673,-1.12,-753.69,85.68,A
1.058,0.4163,0.772,-62.16,-682.43,144.06,A
1.3986,-0.0688,1.9813,319.48,-334.46,-101.22,A
1.1058,0.4499,2.0486,298.9,49.49,-91.7,A
0.995,1.4142,1.8163,-40.95,141.26,21.56,A
1.2844,0.4753,1.3679,29.4,46.55,-20.58,A
0.8106,0.3904,0.977,72.24,128.45,-46.13,A
1.1409,-0.0659,1.1107,94.99,351.61,119.7,A
0.9877,0.284,0.5758,33.18,360.5,165.83,A
0.6861,0.4202,0.082,-83.02,305.55,183.19,A
-0.0547,1.3015,0.2708,-54.25,188.93,147.49,A
-0.3421,1.6397,-0.1586,-83.65,120.05,83.37,A
0.2118,2.2526,0.3206,8.05,-87.71,-259.21,A
0.5163,1.5875,0.5324,-10.85,-156.52,-445.76,A
0.9599,0.3094,0.9921,-27.23,-161.21,-488.32,A
0.9867,-0.712,1.2659,0.21,-142.1,-438.83,A
0.9589,-1.5421,1.4845,71.68,-129.5,-389.2,A
0.8525,-2.198,1.8988,154.49,-96.6,-346.43,A
0.9062,-0.8789,1.2376,128.31,83.02,114.38,A
0.3587,0.5353,0.7457,52.08,45.01,174.3,A
0.0244,1.0604,0.5695,-38.5,-12.32,121.66,A
0.0874,0.2723,0.7388,91.77,-17.15,65.52,A
0.8555,-0.6993,-0.2201,-63.07,-482.65,148.68,A
1.2639,-0.2186,0.3157,11.76,-475.3,276.71,A
1.3884,0.4372,1.4591,140.14,-413.07,339.01,A
1.137,0.8174,2.114,273.49,-325.15,250.74,A
1.079,1.3342,2.5615,134.75,-200.06,246.47,A
0.5905,1.2234,2.1248,111.09,105.07,-122.15,A
0.7174,-0.0542,0.6622,-63.7,351.05,-259.21,A
0.5475,-0.3489,0.122,-70.77,296.52,-206.92,A
0.2777,-0.5363,-1.0258,-121.94,-346.08,82.11,A
0.4231,0.4943,-0.3914,149.87,-642.25,-65.87,A
0.9492,0.5549,0.57,4.06,-718.83,-13.16,A
1.2307,0.4099,2.3805,252.91,-9.94,70.98,A
0.7369,1.2259,2.0228,238.07,-9.1,-104.65,A
0.5719,-0.0654,0.9677,-14.56,152.74,-90.3,A
1.201,0.3928,1.6324,-64.61,29.19,51.52,A
0.8203,0.3533,1.2668,-5.67,213.29,-5.81,A
-0.4904,2.0071,0.4314,36.61,-39.06,-118.02,A
0.4333,1.587,0.6647,153.02,-123.97,-391.16,A
0.7139,0.9326,1.0472,157.71,-158.06,-479.36,A
0.9389,-0.1747,1.6685,134.47,-170.59,-458.71,A
0.8828,-1.1868,2.1736,133.84,-129.43,-407.96,A
0.8247,-1.6782,2.3585,148.05,-79.52,-298.69,A
0.5719,-0.6895,1.1956,-3.5,46.76,-14.63,A
0.388,-0.1854,0.4538,-36.05,30.8,50.12,A
-0.0015,0.4865,0.6661,-75.81,-39.13,16.87,A
0.7623,-0.2172,-0.1815,-111.23,-525.28,81.76,A
1.1736,-0.8296,0.1161,-38.57,-581.42,223.72,A
1.6319,-0.1171,0.4636,47.53,-548.66,375.41,A
1.707,1.0228,1.6167,179.69,-518.07,303.59,A
1.5406,1.1063,2.8465,151.13,-353.57,259.84,A
0.9648,1.2683,2.7387,68.39,-23.8,167.51,A
0.8101,1.2117,1.9574,60.55,35.84,89.81,A
0.7896,1.0204,1.9622,77.42,87.08,-24.01,A
0.1918,-0.3074,0.3362,2.8,308.84,-219.87,A
-0.5139,-0.1366,-0.3343,53.76,-49.07,-2.31,A
-0.1327,-0.2342,-0.7413,-72.17,-262.08,118.44,A
0.0078,-0.406,-1.3976,-125.79,-353.08,186.69,A
0.5632,0.1376,-1.5928,-46.9,-510.16,192.78,A
1.0077,0.5407,-0.7271,6.58,-728.0,202.72,A
1.2712,1.2981,0.5846,13.58,-920.85,108.29,A
1.3649,0.5041,1.3503,48.3,-802.41,-19.81,A
1.4498,0.1723,2.438,177.03,-586.32,-2.03,A
1.1775,0.3421,3.1149,414.26,-302.96,-49.42,A
0.9804,0.4514,1.9866,125.16,41.3,-38.5,A
0.9321,0.3475,1.5011,-32.83,152.88,-79.1,A
-0.3694,1.4167,0.5924,57.12,-12.04,-76.3,A
-0.4573,1.9564,0.5451,56.63,-18.83,-111.72,A
-0.2557,2.3034,0.2264,23.17,-45.64,-141.82,A
0.4046,1.3483,0.7828,122.43,-115.15,-431.48,A
0.8086,0.6007,1.1331,127.05,-102.76,-463.12,A
0.7896,-0.0229,1.4406,113.33,-104.93,-429.52,A
0.7491,-0.8311,1.5431,112.91,-94.85,-377.44,A
0.3626,-0.3914,1.3742,7.21,18.2,92.96,A
0.1191,0.448,0.9316,-36.12,14.63,97.16,A
-0.0015,0.2796,0.9496,-206.92,70.7,-4.34,A
-0.1942,0.5314,1.7368,-83.3,65.52,-34.3,A
-0.1391,-0.2669,0.6002,-298.83,144.69,-78.68,A
-0.4348,-0.2147,0.6193,-113.4,48.93,-37.17,A
-0.5002,-0.5246,-0.7642,-33.18,-176.47,42.42,A
0.6959,-0.3079,-0.5212,-9.17,-556.08,90.93,A
