ax,ay,az,gx,gy,gz
0.0883,0.4592,0.9911,240.03,-104.3,53.55
0.9457,0.8555,1.1141,79.59,295.26,-129.85
0.6002,0.283,1.1278,53.9,87.78,56.77
0.5778,0.4675,0.7032,-26.18,294.21,103.11
0.4441,0.5998,0.7393,28.14,-117.6,-345.52
0.508,0.124,1.2058,58.87,-132.65,-362.39
0.5388,-0.2791,1.6309,108.99,-109.9,-336.49
0.3045,-0.1537,1.2273,118.09,21.63,12.6
0.733,0.081,0.5197,59.08,-412.23,271.32
0.9897,0.5592,1.018,-1.75,-409.57,273.91
0.7876,0.6359,1.9666,53.34,-297.64,181.3
-0.7652,-0.4109,-0.5905,22.12,-103.88,-28.35
-0.0888,-0.1205,0.0112,109.76,-296.8,145.25
-0.0137,0.3709,-0.1196,71.89,-281.96,133.91
0.9716,0.3113,-0.2259,42.63,-517.72,100.38
1.179,0.4778,0.3665,67.2,-595.35,112.77
1.1356,0.67,2.1696,239.61,-617.33,43.89
0.8755,1.2093,3.334,179.55,-343.7,42.63
0.7354,0.8506,2.1204,71.96,115.36,-7.77
0.5553,1.0302,1.6856,-52.85,148.4,-132.02
1.0526,0.2186,1.1458,-106.05,111.23,-22.96
0.7213,0.9955,0.6334,144.62,-86.66,-460.25
0.9204,0.1542,0.8755,185.57,-91.28,-413.84
0.3138,0.0063,1.2971,-58.59,17.92,81.34
0.141,0.4875,0.935,-63.07,12.18,111.79
1.402,-0.1039,0.9243,31.92,-461.23,303.8
1.2273,0.5392,1.3967,104.23,-441.14,312.13
1.0453,1.0072,1.9037,69.44,-346.99,266.91
0.591,1.1922,1.4362,83.72,130.97,-128.94
1.2634,1.2244,1.1668,-28.07,74.48,-74.27
0.5344,0.9887,1.0995,-101.08,204.4,-118.86
-0.6939,0.7784,1.4128,198.87,203.07,-382.06
1.2395,-0.3865,1.4191,-136.71,239.68,15.12
0.8389,-0.1371,0.9321,-37.17,270.69,58.94
0.6388,-0.2303,1.1253,158.55,-101.99,-282.8
0.122,0.6163,0.8613,-76.93,38.22,106.12
0.6261,0.2835,1.1204,148.75,-271.95,249.13
0.8969,0.7135,1.7314,16.8,-395.5,150.08
0.6944,0.8691,2.4639,131.81,-341.81,114.24
1.2166,1.0643,1.5518,-122.5,-0.77,8.33
0.3782,0.7647,1.4172,-117.95,172.2,-53.34
0.2289,0.3006,0.0473,45.99,-497.56,132.65
0.3265,0.4875,1.3098,96.18,-425.32,44.45
0.4636,0.4553,1.5143,117.04,-299.18,47.11
0.5339,0.7896,2.644,94.85,-169.05,66.78
0.4641,1.0673,2.2009,26.74,140.0,-36.05
0.1776,1.0185,0.9858,13.16,323.26,-225.96
0.5358,0.4021,0.8296,-59.64,269.99,-85.33
0.3377,0.8057,0.9745,170.38,-80.92,-334.04
0.3723,0.3299,1.1766,173.32,-55.23,-323.19
-0.1176,0.7379,0.9936,-86.1,165.9,-107.17
-0.1596,0.2284,1.0882,24.15,-152.39,182.63
0.7945,0.2494,1.1131,87.43,-394.52,206.85
0.7257,0.5714,1.5933,101.85,-296.17,192.43
-0.3582,1.9808,2.7714,-362.88,10.99,-107.1
0.0478,0.8735,2.1111,-223.72,-214.06,-35.56
0.3777,0.4382,2.2375,37.24,43.26,9.38
0.2108,1.1536,1.8524,132.79,111.44,-7.21
-0.0727,1.3562,1.0785,169.47,151.55,-20.93
0.6076,0.2718,-0.1362,9.24,-533.47,179.48
0.7871,0.6529,0.3953,13.65,-586.88,183.54
0.774,0.792,0.9521,19.04,-512.33,98.91
1.0663,0.2494,2.0642,86.17,-291.41,-46.62
1.1234,0.0815,2.6503,111.72,-252.35,-35.14
1.2039,1.1322,2.865,136.92,-96.53,-63.28
1.5777,2.0828,2.7147,111.02,-223.58,-199.57
1.3908,0.1708,2.1492,-168.21,209.44,-7.07
1.3176,-0.3475,1.6319,-62.37,323.05,39.48
0.8135,1.0131,0.793,104.58,254.38,176.68
0.3538,-0.2201,0.5319,115.15,-295.26,267.26
0.853,0.8677,2.6337,87.85,-303.73,113.4
0.9243,2.9773,2.4595,28.21,155.33,-70.35
1.3191,1.3801,2.0384,-139.23,160.02,-10.29
0.5534,1.2283,1.3713,-39.83,251.09,-122.99
0.8794,0.3401,1.7797,266.35,-328.51,45.5
0.8189,0.6476,2.6142,282.03,-265.51,64.12
0.9228,0.6568,2.0794,34.37,179.9,55.93
0.6769,1.5431,1.424,34.02,142.73,-176.75
1.1463,0.4509,1.4703,-230.72,244.37,26.74
0.9072,0.08,0.8418,-101.85,284.9,90.58
0.3777,1.3698,0.8194,89.04,-105.07,-409.08
0.6578,0.5563,1.1585,147.84,-76.51,-416.57
0.632,0.0166,1.3069,196.49,-56.77,-383.11
0.6598,-0.2689,0.609,94.43,-382.06,282.1
0.7305,1.2849,3.0476,90.51,-407.68,224.28
0.6661,2.0023,3.5678,163.66,-70.98,143.01
0.4177,2.133,3.0276,59.36,110.11,38.22
0.4055,1.8764,2.0769,29.26,208.67,-80.92
0.4802,1.5191,1.3932,84.63,202.51,-138.46
0.7218,1.1712,1.3522,24.5,311.22,-275.66
0.5666,0.7476,0.9116,-14.42,334.53,-324.52
0.49,0.4319,0.3484,-67.55,-488.39,39.06
0.4841,0.5036,1.1849,80.92,-396.9,-4.69
0.5993,0.7496,2.4361,283.01,-390.18,42.14
0.7457,1.0136,2.949,278.74,-230.44,49.21
0.8345,0.9443,2.1355,35.56,251.44,-12.67
0.9057,0.5675,1.3957,-19.81,306.95,-25.34
0.2347,1.4986,0.7749,44.17,-24.64,-337.96
0.4153,0.7906,0.9423,118.58,-24.22,-384.37
0.3699,-0.2064,1.4523,208.39,-61.18,-331.1
0.1049,0.5427,0.8384,-30.17,7.63,119.07
0.6163,-0.4817,0.347,45.5,-465.08,254.31
1.1653,0.6276,1.425,20.37,-396.83,346.71
0.6251,1.3937,2.9612,183.05,-111.65,30.8
0.7618,1.5821,2.889,112.42,311.08,-149.17
0.8711,1.3235,1.6226,30.1,343.49,-200.27
0.7696,1.077,0.9043,-12.88,295.68,-177.52
0.6817,0.6539,0.8076,-116.13,415.38,-217.21
0.5065,0.4329,0.3821,-131.11,371.49,-174.79
0.4992,0.1049,0.3084,101.22,-515.06,44.66
0.5778,0.1698,0.8486,110.18,-473.41,58.38
1.1858,0.1562,1.5016,126.84,-387.38,125.3
1.0355,0.6324,2.0789,222.32,-346.92,138.46
0.9438,1.1356,2.6742,267.05,-237.72,72.38
0.6066,0.7662,0.7501,-41.02,225.4,-5.74
-0.2694,1.5108,0.6237,-72.17,4.76,49.91
0.5085,1.0619,0.7745,161.56,33.81,-378.7
0.6564,-0.0254,1.1229,193.06,-47.81,-378.35
0.5368,-0.5022,1.3962,174.65,-71.47,-322.0
0.1898,0.3192,0.9292,-73.08,17.08,144.06
0.0371,0.4451,1.2068,-77.07,238.7,-138.46
-0.0703,0.2528,0.712,-98.28,231.42,-129.15
0.8223,0.2054,0.4133,99.05,-535.22,278.46
0.8081,0.4426,1.1751,114.52,-468.72,248.29
0.7462,0.895,1.6763,90.79,-299.25,204.89
